<?xml version="1.0" encoding="utf-8"?>
<extension type="plugin" version="1.6.0" method="upgrade" group="system">
  <name>plg_system_civicrm group sync</name>
  <authore>Brian Shaughnessy</authore>
  <creationDate>2011-07-23</creationDate>
  <copyright>© 2011. All rights reserved.</copyright>
  <license>GNU/GPL</license>
  <authorEmail></authorEmail>
  <authoreUrl></authoreUrl>
  <version>Brian Shaughnessy</version>
  <description>EXTENSION_DESCRIPTION</description>
  <files>
    <filename plugin="civicrm group sync">civicrm group sync.php</filename>
    <filename>civicrm group sync.xml</filename>
    <filename>index.html</filename>
  </files>
  <languages>
    <language tag="en-GB">language/en-GB.plg_system_civicrm group sync.ini</language>
    <language tag="en-GB">language/en-GB.plg_system_civicrm group sync.sys.ini</language>
  </languages>
</extension>
