<?xml version="1.0" encoding="utf-8"?>
<extension type="component" version="1.6.0" method="upgrade">
	<name>civigroupsync</name>
	<creationDate>2011-07-23</creationDate>
	<copyright>Copyright (C) 2011. All rights reserved.</copyright>
	<license>GNU General Public License version 2 or later; see LICENSE.txt</license>
    <author>Brian Shaughnessy</author>
	<authorEmail>brian@lcdservices.biz</authorEmail>
	<authorUrl>www.lcdservices.biz</authorUrl>
	<version>1.0.0</version>
	<description>Sync CiviCRM groups with Joomla ACL groups. Using this tool you can dynamically manage access control based on CiviCRM group subscription.</description>

	<install> <!-- Runs on install -->
    	<sql>
        	<file driver="mysql" charset="utf8">sql/install.mysql.utf8.sql</file>
  		</sql>
    </install>
    <uninstall> <!-- Runs on uninstall -->
    	<sql>
        	<file driver="mysql" charset="utf8">sql/uninstall.mysql.utf8.sql</file>
  		</sql>
   </uninstall>

	<files folder="site">
		<filename>index.html</filename>
		<filename>civigroupsync.php</filename>
		<filename>controller.php</filename>
		<filename>router.php</filename>
		<folder>views</folder>
		<folder>models</folder>
		<folder>controllers</folder>
		<folder>helpers</folder>
	</files>
	<languages folder="site">
		<language tag="en-GB">language/en-GB.com_civigroupsync.ini
		</language>
	</languages>
	<administration>
		<menu>COM_CIVIGROUPSYNC</menu>
		<submenu>
			<menu link="option=com_civigroupsync&amp;view=synchronizationrules" view="synchronizationrules" img="class:synchronizationrules" alt="Civigroupsync/Synchronizationrules">COM_CIVIGROUPSYNC_SYNCHRONIZATIONRULES</menu>

        </submenu>
		<files folder="administrator">
			<filename>access.xml</filename>
			<filename>config.xml</filename>
			<filename>controller.php</filename>
			<filename>index.html</filename>
			<filename>civigroupsync.php</filename>
			<folder>controllers</folder>
			<folder>helpers</folder>
			<folder>models</folder>
			<folder>sql</folder>
			<folder>tables</folder>
			<folder>views</folder>
		</files>
		<languages folder="administrator">
			<language tag="en-GB">language/en-GB.com_civigroupsync.ini
			</language>
			<language tag="en-GB">language/en-GB.com_civigroupsync.sys.ini
			</language>
		</languages>
	</administration>
</extension>

